name,manufacturerName
100,Fluid
1264,Fabriano
200 Seires,Strathmore
300 Series,Strathmore
400 Series,Strathmore
Academy,Grumbacher
Acquerello,Magnani
Agave,Hahnemühle
Aquabee Super Deluxe,Bee Paper
Aquabee Watercolor,Bee Paper
Aquademic,Bienfang
Aquafine,Daler Rowney
Aquarius,Roman Szmal
Aquarius II,Strathmore
Artist Series,Canson
Artistico,Fabriano
Bee Creative Watercolor,Bee Paper
Bergund,Hahnemühle
Black,Shizen
Blick Studio,Fabriano
Bockingford Tinted,Legion Papers
Bright White,Arches
Classic Watercolours,Old Holland
Cotman,Winsor & Newton
Easy-Block,Fluid
Ecoline,Royal Talens
Essentials,Blick
Extra Fine,Daniel Smith
Finest,Grumbacher
Flax Blend,Indigo Artpapers
Gallery,Rosa
Gansai Tambi,Kuretake
Gemini,Strathmore
Gold Class,Mijello MISSION
Handmade,Indigo Artpapers
Harmony,Hahnemühle
Imperial 500,Strathmore
Inktense,Derwent
Iridescent,Finetec
Koi,Sakura
L'Aquarelle Héritage,Canson
Lightweight,Canson
Luminescent,Daniel Smith
Montval,Canson
Natural White,Arches
Noblesse,Schut
Pearlescent,Finetec
Plein Air,Canson
Portofino,Magnani
Premier,Blick
PrimaTek,Daniel Smith
Professional,Shizen
Professional Water Color,ShinHan
Professional Water Color,Winsor & Newton
PWC Extra Fine Water Colors,ShinHan
Round,Magnani
SHAMI,ShinHan
St. Petersburg / White Nights,Yarka
Stonehenge Aqua,Legion Papers
Stonehenge Aqua Black,Legion Papers
Student,Bienfang
Student,Blick
Studio,Rosa
Studio,Blick
Studio,Fabriano
The Collection,Hahnemühle
Toned,Hahnemühle
Travelogue,Hand Book Paper Co
Vision,Strathmore
Watercolor Sheets,Blick
White Class,Mijello MISSION
XL,Canson