name,website
American Journey,https://www.cheapjoes.com/american-journey-artists-watercolor.html
Arches,
Art Spectrum,https://artspectrum.com.au/product_type/watercolours/
Bee Paper,
Bienfang,
Blick,https://www.dickblick.com/
Blockx,https://www.blockx.be
Canson,
Cartiera Magnani,
Crescent,
Da Vinci,https://www.davincipaints.com
Daler Rowney,https://www.daler-rowney.com/art-materials/watercolour-paint/
Daniel Smith,https://danielsmith.com/
Derwent,
Faber-Castell,
Fabriano,
Finetec,https://finetecus.com/
Fluid,
Grumbacher ,http://grumbacher.chartpak.com/
Hahnem√ºhle,
Hand Book Paper Co,
Holbein,https://holbeinartistmaterials.com/
Indigo Artpapers,
Isaro,https://www.isaro.be/shop/gb/
Kuratake,http://www.gansaitambi.jp/en/
Lanaquarelle,
Legion Papers,
Lukas,https://www.lukas.eu/art-paint/aquarell-studio-watercolor-paint/
M. Graham,https://mgraham.com/
Maimeri Blu,https://www.maimeri.it/en
Mijello MISSION,http://www.mijello.com/en/main.php
Moleskine,
Old Holland,https://www.oldholland.com/
Pelikan,https://www.pelikan.com
Pentalic,
QoR,https://www.qorcolors.com/
Rembrandt,https://www.royaltalens.com/en/brands/rembrandt/rembrandt-watercolour
Richeson,
Roaring Spring,
Roman Szmal,https://www.facebook.com/RomanSzmalArt/
Rosa,https://rosa.ua
Royal Talens,https://www.royaltalens.com
Sakura,https://www.sakuraofamerica.com
Saunders Waterford,
Schmincke,https://www.schmincke.de/en.html
Schut,
Sennelier,http://www.sennelier-colors.com/en/Home_1.html
ShinHan,http://www.shinhanart.com
Shizen,
SMLT Art,
Stillman & Birn,
Stoneground,https://stonegroundpaint.com/
Strathmore,
The Master's Choice,
Utrecht,https://www.utrechtart.com/
Van Gogh,https://www.royaltalens.com/en/brands/van-gogh/watercolour
Winsor & Newton,https://www.winsornewton.com/na/
Yarka,https://products.richesonart.com/collections/watercolor/products/st-petersburg-wc